<?xml version="1.0"?>
<!DOCTYPE hibernate-mapping PUBLIC
"-//Hibernate/Hibernate Mapping DTD 3.0//EN"
"http://hibernate.sourceforge.net/hibernate-mapping-3.0.dtd">
<hibernate-mapping>
	<class name="com.training.hibernate.nous.model.Employee" table="NewEmployee">
		<id name="employeeId" type="int" column="emp_id">
			<generator class="assigned" />
		</id>
		<property name="employeeName" type="string" column="emp_name" />
		<property name="salary" type="int" column="salary" />
		
		<set name="address" table="NewEmployeeAddress" cascade="save-update">
				<key column="emp_id"/>
				<many-to-many column="address_id" 
				class="com.training.hibernate.nous.model.Address" />
		</set>
		
	</class>
	
	<class name="com.training.hibernate.nous.model.Address" table="NewAddress">
		<id name="addressId" type="int" column="address_id">
			<generator class="increment"></generator>
		</id>
		<property name="city" type="string" column="city" />
		<property name="state" type="string" column="state" />
		<property name="pinCode" type="string" column="pincode" />
		
	</class>
</hibernate-mapping>