<?xml version="1.0"?>
<!DOCTYPE hibernate-mapping PUBLIC
"-//Hibernate/Hibernate Mapping DTD 3.0//EN"
"http://hibernate.sourceforge.net/hibernate-mapping-3.0.dtd">
<hibernate-mapping>
	<class name="com.training.hibernate.nous.model.Customer" table="customer">
		<id name="customerId" type="int" column="cust_id">
			<generator class="assigned" />
		</id>
		<property name="customerName" type="string" column="cust_name" />
		<property name="mobileNumber" type="string" column="contact_number" />
		<property name="billAmount" type="int" column="bill_amount" />
	</class>
</hibernate-mapping>