<?xml version="1.0"?>
<!DOCTYPE hibernate-mapping PUBLIC
"-//Hibernate/Hibernate Mapping DTD 3.0//EN"
"http://hibernate.sourceforge.net/hibernate-mapping-3.0.dtd">
<hibernate-mapping>
	<class name="com.training.hibernate.nous.model.Employee" 
	table="Employee1" >
		<id name="employeeId" type="int" column="emp_id">
			<generator class="assigned" />
		</id>
		
		<property name="employeeName" type="string" column="emp_name" />
	
	</class>
	
		<joined-subclass name="com.training.hibernate.nous.model.RegularEmployee" 
								   extends="com.training.hibernate.nous.model.Employee"
								   table="Regular1">
					<key column="emp_id" />
					<property name="bonus" type="int" column="bonus" />
					<property name="salary" type="int" column="salary" />
		</joined-subclass>
		
		<joined-subclass name="com.training.hibernate.nous.model.ContractEmployee" 
			extends="com.training.hibernate.nous.model.Employee"
			 table="Contract1">
			 	<key column="emp_id" />
					<property name="payPerHour" type="int" column="payPerHour" />
					<property name="contractDuration" type="int" column="contractDuration" />
		</joined-subclass>
		
		
	
</hibernate-mapping>