<?xml version="1.0"?>
<!DOCTYPE hibernate-mapping PUBLIC
"-//Hibernate/Hibernate Mapping DTD 3.0//EN"
"http://hibernate.sourceforge.net/hibernate-mapping-3.0.dtd">
<hibernate-mapping>
	<class name="com.training.hibernate.nous.model.Employee" 
	table="MainEmployee" 
	discriminator-value="NousEmployee">
		<id name="employeeId" type="int" column="emp_id">
			<generator class="assigned" />
		</id>
		
		<discriminator column="emp_type"></discriminator>
		
		<property name="employeeName" type="string" column="emp_name" />
		
		<subclass name="com.training.hibernate.nous.model.RegularEmployee" 
		discriminator-value="RegularEmployee" extends="Employee">
					<property name="bonus" type="int" column="bonus" />
					<property name="salary" type="int" column="salary" />
		</subclass>
		
			<subclass name="com.training.hibernate.nous.model.ContractEmployee" 
			discriminator-value="ContractEmployee" extends="Employee">
					<property name="payPerHour" type="int" column="payPerHour" />
					<property name="contractDuration" type="int" column="contractDuration" />
		</subclass>
		
		
	</class>
</hibernate-mapping>