<?xml version="1.0" encoding="UTF-8"?>
<!DOCTYPE hibernate-configuration PUBLIC 
  "-//Hibernate/Hibernate Configuration DTD 3.0//EN" 
  "http://www.hibernate.org/dtd/hibernate-configuration-3.0.dtd">
<hibernate-configuration>
  <session-factory>
    <property name="connection.driver_class">com.mysql.jdbc.Driver</property>
    <property name="connection.url">jdbc:mysql://localhost:3306/nousdb</property>
    <property name="dialect">org.hibernate.dialect.MySQLDialect</property>
    <property name="connection.username">root</property>
    <property name="connection.password">root</property>
  
  
    <property name="show_sql">true</property>
    <property name="format_sql">true</property>
    <property name="hbm2ddl.auto">update</property>
    
    
    <!-- mapping class="com.mcnz.jpa.examples.Player" / -->
    <mapping resource="customer.hbm.xml" />
     <mapping resource="employee_per_subclass.hbm.xml" />
<!--     <mapping resource="orders.hbm.xml" />  20 minutes  for hands on 12:57 PM -->
  </session-factory>
</hibernate-configuration>